{"stats":{"minecraft:picked_up":{"minecraft:stick":1,"minecraft:oak_log":11,"minecraft:apple":1,"minecraft:oak_sapling":4,"minecraft:wheat_seeds":3,"minecraft:dirt":6},"minecraft:mined":{"minecraft:grass":18,"minecraft:grass_block":6,"minecraft:oak_log":11,"minecraft:oak_leaves":1},"minecraft:custom":{"minecraft:jump":14,"minecraft:time_since_rest":6987,"minecraft:leave_game":1,"minecraft:sprint_one_cm":1714,"minecraft:play_time":6987,"minecraft:time_since_death":6987,"minecraft:walk_one_cm":9045,"minecraft:total_world_time":6987,"minecraft:fall_one_cm":209,"minecraft:fly_one_cm":800}},"DataVersion":2975}