{"stats":{"minecraft:mined":{"minecraft:grass":18,"minecraft:grass_block":7,"minecraft:oak_log":11,"minecraft:oak_leaves":1},"minecraft:killed_by":{"minecraft:zombie":1},"minecraft:custom":{"minecraft:jump":15,"minecraft:time_since_rest":237,"minecraft:damage_taken":250,"minecraft:leave_game":2,"minecraft:play_time":9996,"minecraft:sprint_one_cm":1714,"minecraft:time_since_death":0,"minecraft:walk_one_cm":9753,"minecraft:total_world_time":9996,"minecraft:fall_one_cm":209,"minecraft:fly_one_cm":1232,"minecraft:deaths":1},"minecraft:picked_up":{"minecraft:stick":1,"minecraft:oak_log":11,"minecraft:apple":1,"minecraft:oak_sapling":4,"minecraft:wheat_seeds":3,"minecraft:dirt":7}},"DataVersion":2975}